date,stage,slug,home,away,score,scoreSource,result90,advanced,wentToExtra,hadShootout,marketCount,childEvents,marketTypes
2026-06-11T19:00:00Z,Group,fifwc-mex-rsa-2026-06-11,Mexico,South Africa,2-0,exact_score,Mexico,,false,false,367,7,both_teams_to_score|both_teams_to_score_first_half|both_teams_to_score_second_half|first_half_totals|moneyline|second_half_totals|soccer_exact_score|soccer_first_corner|soccer_first_half_team_totals|soccer_first_half_total_corners|soccer_first_to_score|soccer_game_corners_odd_even|soccer_halftime_result|soccer_player_assists|soccer_player_goalkeeper_saves|soccer_player_goals|soccer_player_goals_plus_assists|soccer_player_shots|soccer_player_shots_on_target|soccer_second_half_result|soccer_second_half_team_totals|soccer_second_half_total_corners|soccer_team_total_corners|soccer_team_totals|spreads|total_corners|totals
2026-06-12T02:00:00Z,Group,fifwc-kr-cze-2026-06-11,Korea Republic,Czechia,2-1,exact_score,Korea Republic,,false,false,357,7,both_teams_to_score|both_teams_to_score_first_half|both_teams_to_score_second_half|first_half_totals|moneyline|second_half_totals|soccer_exact_score|soccer_first_corner|soccer_first_half_team_totals|soccer_first_half_total_corners|soccer_first_to_score|soccer_game_corners_odd_even|soccer_halftime_result|soccer_player_assists|soccer_player_goalkeeper_saves|soccer_player_goals|soccer_player_goals_plus_assists|soccer_player_shots|soccer_player_shots_on_target|soccer_second_half_result|soccer_second_half_team_totals|soccer_second_half_total_corners|soccer_team_totals|spreads|total_corners|totals
2026-06-12T19:00:00Z,Group,fifwc-can-bih-2026-06-12,Canada,Bosnia-Herzegovina,1-1,exact_score,Draw,,false,false,357,7,both_teams_to_score|both_teams_to_score_first_half|both_teams_to_score_second_half|first_half_totals|moneyline|second_half_totals|soccer_exact_score|soccer_first_corner|soccer_first_half_team_totals|soccer_first_half_total_corners|soccer_first_to_score|soccer_game_corners_odd_even|soccer_halftime_result|soccer_player_assists|soccer_player_goalkeeper_saves|soccer_player_goals|soccer_player_goals_plus_assists|soccer_player_shots|soccer_player_shots_on_target|soccer_second_half_result|soccer_second_half_team_totals|soccer_second_half_total_corners|soccer_team_total_corners|soccer_team_totals|spreads|total_corners|totals
2026-06-13T01:00:00Z,Group,fifwc-usa-par-2026-06-12,United States,Paraguay,4-1,totals_ladder,United States,,false,false,463,7,both_teams_to_score|both_teams_to_score_first_half|both_teams_to_score_second_half|first_half_totals|moneyline|second_half_totals|soccer_exact_score|soccer_first_corner|soccer_first_half_team_totals|soccer_first_half_total_corners|soccer_first_to_score|soccer_game_corners_odd_even|soccer_halftime_result|soccer_player_assists|soccer_player_goalkeeper_saves|soccer_player_goals|soccer_player_goals_plus_assists|soccer_player_shots|soccer_player_shots_on_target|soccer_second_half_result|soccer_second_half_team_totals|soccer_second_half_total_corners|soccer_team_total_corners|soccer_team_totals|spreads|total_corners|totals
2026-06-13T19:00:00Z,Group,fifwc-qat-che-2026-06-13,Qatar,Switzerland,1-1,exact_score,Draw,,false,false,497,7,both_teams_to_score|both_teams_to_score_first_half|both_teams_to_score_second_half|first_half_totals|moneyline|second_half_totals|soccer_exact_score|soccer_first_corner|soccer_first_half_team_totals|soccer_first_half_total_corners|soccer_first_to_score|soccer_game_corners_odd_even|soccer_halftime_result|soccer_player_assists|soccer_player_goalkeeper_saves|soccer_player_goals|soccer_player_goals_plus_assists|soccer_player_shots|soccer_player_shots_on_target|soccer_second_half_result|soccer_second_half_team_totals|soccer_second_half_total_corners|soccer_team_total_corners|soccer_team_totals|spreads|total_corners|totals
2026-06-13T22:00:00Z,Group,fifwc-bra-mar-2026-06-13,Brazil,Morocco,1-1,exact_score,Draw,,false,false,488,7,both_teams_to_score|both_teams_to_score_first_half|both_teams_to_score_second_half|first_half_totals|moneyline|second_half_totals|soccer_exact_score|soccer_first_corner|soccer_first_half_team_totals|soccer_first_half_total_corners|soccer_first_to_score|soccer_game_corners_odd_even|soccer_halftime_result|soccer_player_assists|soccer_player_goalkeeper_saves|soccer_player_goals|soccer_player_goals_plus_assists|soccer_player_shots|soccer_player_shots_on_target|soccer_second_half_result|soccer_second_half_team_totals|soccer_second_half_total_corners|soccer_team_total_corners|soccer_team_totals|spreads|total_corners|totals
2026-06-14T01:00:00Z,Group,fifwc-hai-sco-2026-06-13,Haiti,Scotland,0-1,exact_score,Scotland,,false,false,472,7,both_teams_to_score|both_teams_to_score_first_half|both_teams_to_score_second_half|first_half_totals|moneyline|second_half_totals|soccer_exact_score|soccer_first_corner|soccer_first_half_team_totals|soccer_first_half_total_corners|soccer_first_to_score|soccer_game_corners_odd_even|soccer_halftime_result|soccer_player_assists|soccer_player_goalkeeper_saves|soccer_player_goals|soccer_player_goals_plus_assists|soccer_player_shots|soccer_player_shots_on_target|soccer_second_half_result|soccer_second_half_team_totals|soccer_second_half_total_corners|soccer_team_total_corners|soccer_team_totals|spreads|total_corners|totals
2026-06-14T04:00:00Z,Group,fifwc-aus-tur-2026-06-14,Australia,Türkiye,2-0,exact_score,Australia,,false,false,466,7,both_teams_to_score|both_teams_to_score_first_half|both_teams_to_score_second_half|first_half_totals|moneyline|second_half_totals|soccer_exact_score|soccer_first_corner|soccer_first_half_team_totals|soccer_first_half_total_corners|soccer_first_to_score|soccer_game_corners_odd_even|soccer_halftime_result|soccer_player_assists|soccer_player_goalkeeper_saves|soccer_player_goals|soccer_player_goals_plus_assists|soccer_player_shots|soccer_player_shots_on_target|soccer_second_half_result|soccer_second_half_team_totals|soccer_second_half_total_corners|soccer_team_total_corners|soccer_team_totals|spreads|total_corners|totals
2026-06-14T17:00:00Z,Group,fifwc-ger-kor-2026-06-14,Germany,Curaçao,7-1,totals_ladder,Germany,,false,false,473,7,both_teams_to_score|both_teams_to_score_first_half|both_teams_to_score_second_half|first_half_totals|moneyline|second_half_totals|soccer_exact_score|soccer_first_corner|soccer_first_half_team_totals|soccer_first_half_total_corners|soccer_first_to_score|soccer_game_corners_odd_even|soccer_halftime_result|soccer_player_assists|soccer_player_goalkeeper_saves|soccer_player_goals|soccer_player_goals_plus_assists|soccer_player_shots|soccer_player_shots_on_target|soccer_second_half_result|soccer_second_half_team_totals|soccer_second_half_total_corners|soccer_team_total_corners|soccer_team_totals|spreads|total_corners|totals
2026-06-14T20:00:00Z,Group,fifwc-nld-jpn-2026-06-14,Netherlands,Japan,2-2,exact_score,Draw,,false,false,469,7,both_teams_to_score|both_teams_to_score_first_half|both_teams_to_score_second_half|first_half_totals|moneyline|second_half_totals|soccer_exact_score|soccer_first_corner|soccer_first_half_team_totals|soccer_first_half_total_corners|soccer_first_to_score|soccer_game_corners_odd_even|soccer_halftime_result|soccer_player_assists|soccer_player_goalkeeper_saves|soccer_player_goals|soccer_player_goals_plus_assists|soccer_player_shots|soccer_player_shots_on_target|soccer_second_half_result|soccer_second_half_team_totals|soccer_second_half_total_corners|soccer_team_total_corners|soccer_team_totals|spreads|total_corners|totals
2026-06-14T23:00:00Z,Group,fifwc-civ-ecu-2026-06-14,Côte d'Ivoire,Ecuador,1-0,exact_score,Côte d'Ivoire,,false,false,467,7,both_teams_to_score|both_teams_to_score_first_half|both_teams_to_score_second_half|first_half_totals|moneyline|second_half_totals|soccer_exact_score|soccer_first_corner|soccer_first_half_team_totals|soccer_first_half_total_corners|soccer_first_to_score|soccer_game_corners_odd_even|soccer_halftime_result|soccer_player_assists|soccer_player_goalkeeper_saves|soccer_player_goals|soccer_player_goals_plus_assists|soccer_player_shots|soccer_player_shots_on_target|soccer_second_half_result|soccer_second_half_team_totals|soccer_second_half_total_corners|soccer_team_total_corners|soccer_team_totals|spreads|total_corners|totals
2026-06-15T02:00:00Z,Group,fifwc-swe-tun-2026-06-14,Sweden,Tunisia,,,Sweden,,false,false,452,7,both_teams_to_score|both_teams_to_score_first_half|both_teams_to_score_second_half|first_half_totals|moneyline|second_half_totals|soccer_exact_score|soccer_first_corner|soccer_first_half_team_totals|soccer_first_half_total_corners|soccer_first_to_score|soccer_game_corners_odd_even|soccer_halftime_result|soccer_player_assists|soccer_player_goalkeeper_saves|soccer_player_goals|soccer_player_goals_plus_assists|soccer_player_shots|soccer_player_shots_on_target|soccer_second_half_result|soccer_second_half_team_totals|soccer_second_half_total_corners|soccer_team_total_corners|soccer_team_totals|spreads|total_corners|totals
2026-06-15T16:00:00Z,Group,fifwc-esp-cvi-2026-06-15,Spain,Cabo Verde,0-0,exact_score,Draw,,false,false,464,7,both_teams_to_score|both_teams_to_score_first_half|both_teams_to_score_second_half|first_half_totals|moneyline|second_half_totals|soccer_exact_score|soccer_first_corner|soccer_first_half_team_totals|soccer_first_half_total_corners|soccer_first_to_score|soccer_game_corners_odd_even|soccer_halftime_result|soccer_player_assists|soccer_player_goalkeeper_saves|soccer_player_goals|soccer_player_goals_plus_assists|soccer_player_shots|soccer_player_shots_on_target|soccer_second_half_result|soccer_second_half_team_totals|soccer_second_half_total_corners|soccer_team_total_corners|soccer_team_totals|spreads|total_corners|totals
2026-06-15T19:00:00Z,Group,fifwc-bel-egy-2026-06-15,Belgium,Egypt,1-1,exact_score,Draw,,false,false,454,7,both_teams_to_score|both_teams_to_score_first_half|both_teams_to_score_second_half|first_half_totals|moneyline|second_half_totals|soccer_exact_score|soccer_first_corner|soccer_first_half_team_totals|soccer_first_half_total_corners|soccer_first_to_score|soccer_game_corners_odd_even|soccer_halftime_result|soccer_player_assists|soccer_player_goalkeeper_saves|soccer_player_goals|soccer_player_goals_plus_assists|soccer_player_shots|soccer_player_shots_on_target|soccer_second_half_result|soccer_second_half_team_totals|soccer_second_half_total_corners|soccer_team_total_corners|soccer_team_totals|spreads|total_corners|totals
2026-06-15T22:00:00Z,Group,fifwc-ksa-ury-2026-06-15,Saudi Arabia,Uruguay,1-1,exact_score,Draw,,false,false,494,7,both_teams_to_score|both_teams_to_score_first_half|both_teams_to_score_second_half|first_half_totals|moneyline|second_half_totals|soccer_exact_score|soccer_first_corner|soccer_first_half_team_totals|soccer_first_half_total_corners|soccer_first_to_score|soccer_game_corners_odd_even|soccer_halftime_result|soccer_player_assists|soccer_player_goalkeeper_saves|soccer_player_goals|soccer_player_goals_plus_assists|soccer_player_shots|soccer_player_shots_on_target|soccer_second_half_result|soccer_second_half_team_totals|soccer_second_half_total_corners|soccer_team_total_corners|soccer_team_totals|spreads|total_corners|totals
2026-06-16T01:00:00Z,Group,fifwc-irn-nzl-2026-06-15,IR Iran,New Zealand,2-2,exact_score,Draw,,false,false,393,7,both_teams_to_score|both_teams_to_score_first_half|both_teams_to_score_second_half|first_half_totals|moneyline|second_half_totals|soccer_exact_score|soccer_first_corner|soccer_first_half_team_totals|soccer_first_half_total_corners|soccer_first_to_score|soccer_game_corners_odd_even|soccer_halftime_result|soccer_player_assists|soccer_player_goalkeeper_saves|soccer_player_goals|soccer_player_goals_plus_assists|soccer_player_shots|soccer_player_shots_on_target|soccer_second_half_result|soccer_second_half_team_totals|soccer_second_half_total_corners|soccer_team_total_corners|soccer_team_totals|spreads|total_corners|totals
2026-06-16T19:00:00Z,Group,fifwc-fra-sen-2026-06-16,France,Senegal,3-1,exact_score,France,,false,false,324,7,both_teams_to_score|both_teams_to_score_first_half|both_teams_to_score_second_half|first_half_totals|moneyline|second_half_totals|soccer_exact_score|soccer_first_corner|soccer_first_half_team_totals|soccer_first_half_total_corners|soccer_first_to_score|soccer_game_corners_odd_even|soccer_halftime_result|soccer_player_assists|soccer_player_goalkeeper_saves|soccer_player_goals|soccer_player_goals_plus_assists|soccer_player_shots|soccer_player_shots_on_target|soccer_second_half_result|soccer_second_half_team_totals|soccer_second_half_total_corners|soccer_team_total_corners|soccer_team_totals|spreads|total_corners|totals
2026-06-16T22:00:00Z,Group,fifwc-irq-nor-2026-06-16,Iraq,Norway,1-4,totals_ladder,Norway,,false,false,332,7,both_teams_to_score|both_teams_to_score_first_half|both_teams_to_score_second_half|first_half_totals|moneyline|second_half_totals|soccer_exact_score|soccer_first_corner|soccer_first_half_team_totals|soccer_first_half_total_corners|soccer_first_to_score|soccer_game_corners_odd_even|soccer_halftime_result|soccer_player_assists|soccer_player_goalkeeper_saves|soccer_player_goals|soccer_player_goals_plus_assists|soccer_player_shots|soccer_player_shots_on_target|soccer_second_half_result|soccer_second_half_team_totals|soccer_second_half_total_corners|soccer_team_total_corners|soccer_team_totals|spreads|total_corners|totals
2026-06-17T01:00:00Z,Group,fifwc-arg-alg-2026-06-16,Argentina,Algeria,3-0,exact_score,Argentina,,false,false,389,7,both_teams_to_score|both_teams_to_score_first_half|both_teams_to_score_second_half|first_half_totals|moneyline|second_half_totals|soccer_exact_score|soccer_first_corner|soccer_first_half_team_totals|soccer_first_half_total_corners|soccer_first_to_score|soccer_game_corners_odd_even|soccer_halftime_result|soccer_player_assists|soccer_player_goalkeeper_saves|soccer_player_goals|soccer_player_goals_plus_assists|soccer_player_shots|soccer_player_shots_on_target|soccer_second_half_result|soccer_second_half_team_totals|soccer_second_half_total_corners|soccer_team_total_corners|soccer_team_totals|spreads|total_corners|totals
2026-06-17T04:00:00Z,Group,fifwc-aut-jor-2026-06-17,Austria,Jordan,3-1,exact_score,Austria,,false,false,379,7,both_teams_to_score|both_teams_to_score_first_half|both_teams_to_score_second_half|first_half_totals|moneyline|second_half_totals|soccer_exact_score|soccer_first_corner|soccer_first_half_team_totals|soccer_first_half_total_corners|soccer_first_to_score|soccer_game_corners_odd_even|soccer_halftime_result|soccer_player_assists|soccer_player_goalkeeper_saves|soccer_player_goals|soccer_player_goals_plus_assists|soccer_player_shots|soccer_player_shots_on_target|soccer_second_half_result|soccer_second_half_team_totals|soccer_second_half_total_corners|soccer_team_total_corners|soccer_team_totals|spreads|total_corners|totals
2026-06-17T17:00:00Z,Group,fifwc-prt-cdr-2026-06-17,Portugal,DR Congo,1-1,exact_score,Draw,,false,false,388,7,both_teams_to_score|both_teams_to_score_first_half|both_teams_to_score_second_half|first_half_totals|moneyline|second_half_totals|soccer_exact_score|soccer_first_corner|soccer_first_half_team_totals|soccer_first_half_total_corners|soccer_first_to_score|soccer_game_corners_odd_even|soccer_halftime_result|soccer_player_assists|soccer_player_goalkeeper_saves|soccer_player_goals|soccer_player_goals_plus_assists|soccer_player_shots|soccer_player_shots_on_target|soccer_second_half_result|soccer_second_half_team_totals|soccer_second_half_total_corners|soccer_team_total_corners|soccer_team_totals|spreads|total_corners|totals
2026-06-17T20:00:00Z,Group,fifwc-eng-hrv-2026-06-17,England,Croatia,4-2,totals_ladder,England,,false,false,504,7,both_teams_to_score|both_teams_to_score_first_half|both_teams_to_score_second_half|first_half_totals|moneyline|second_half_totals|soccer_exact_score|soccer_first_corner|soccer_first_half_team_totals|soccer_first_half_total_corners|soccer_first_to_score|soccer_game_corners_odd_even|soccer_halftime_result|soccer_player_assists|soccer_player_goalkeeper_saves|soccer_player_goals|soccer_player_goals_plus_assists|soccer_player_shots|soccer_player_shots_on_target|soccer_second_half_result|soccer_second_half_team_totals|soccer_second_half_total_corners|soccer_team_total_corners|soccer_team_totals|spreads|total_corners|totals
2026-06-17T23:00:00Z,Group,fifwc-gha-pan-2026-06-17,Ghana,Panama,1-0,exact_score,Ghana,,false,false,405,7,both_teams_to_score|both_teams_to_score_first_half|both_teams_to_score_second_half|first_half_totals|moneyline|second_half_totals|soccer_exact_score|soccer_first_corner|soccer_first_half_team_totals|soccer_first_half_total_corners|soccer_first_to_score|soccer_game_corners_odd_even|soccer_halftime_result|soccer_player_assists|soccer_player_goalkeeper_saves|soccer_player_goals|soccer_player_goals_plus_assists|soccer_player_shots|soccer_player_shots_on_target|soccer_second_half_result|soccer_second_half_team_totals|soccer_second_half_total_corners|soccer_team_total_corners|soccer_team_totals|spreads|total_corners|totals
2026-06-18T02:00:00Z,Group,fifwc-uzb-col-2026-06-17,Uzbekistan,Colombia,1-3,exact_score,Colombia,,false,false,366,7,both_teams_to_score|both_teams_to_score_first_half|both_teams_to_score_second_half|first_half_totals|moneyline|second_half_totals|soccer_exact_score|soccer_first_corner|soccer_first_half_team_totals|soccer_first_half_total_corners|soccer_first_to_score|soccer_game_corners_odd_even|soccer_halftime_result|soccer_player_assists|soccer_player_goalkeeper_saves|soccer_player_goals|soccer_player_goals_plus_assists|soccer_player_shots|soccer_player_shots_on_target|soccer_second_half_result|soccer_second_half_team_totals|soccer_second_half_total_corners|soccer_team_total_corners|soccer_team_totals|spreads|total_corners|totals
2026-06-18T16:00:00Z,Group,fifwc-cze-rsa-2026-06-18,Czechia,South Africa,1-1,exact_score,Draw,,false,false,396,7,both_teams_to_score|both_teams_to_score_first_half|both_teams_to_score_second_half|first_half_totals|moneyline|second_half_totals|soccer_exact_score|soccer_first_corner|soccer_first_half_team_totals|soccer_first_half_total_corners|soccer_first_to_score|soccer_game_corners_odd_even|soccer_halftime_result|soccer_player_assists|soccer_player_goalkeeper_saves|soccer_player_goals|soccer_player_goals_plus_assists|soccer_player_shots|soccer_player_shots_on_target|soccer_second_half_result|soccer_second_half_team_totals|soccer_second_half_total_corners|soccer_team_total_corners|soccer_team_totals|spreads|total_corners|totals
2026-06-18T19:00:00Z,Group,fifwc-che-bih-2026-06-18,Switzerland,Bosnia-Herzegovina,4-1,totals_ladder,Switzerland,,false,false,416,7,both_teams_to_score|both_teams_to_score_first_half|both_teams_to_score_second_half|first_half_totals|moneyline|second_half_totals|soccer_exact_score|soccer_first_corner|soccer_first_half_team_totals|soccer_first_half_total_corners|soccer_first_to_score|soccer_game_corners_odd_even|soccer_halftime_result|soccer_player_assists|soccer_player_goalkeeper_saves|soccer_player_goals|soccer_player_goals_plus_assists|soccer_player_shots|soccer_player_shots_on_target|soccer_second_half_result|soccer_second_half_team_totals|soccer_second_half_total_corners|soccer_team_total_corners|soccer_team_totals|spreads|total_corners|totals
2026-06-18T22:00:00Z,Group,fifwc-can-qat-2026-06-18,Canada,Qatar,6-0,totals_ladder,Canada,,false,false,336,7,both_teams_to_score|both_teams_to_score_first_half|both_teams_to_score_second_half|first_half_totals|moneyline|second_half_totals|soccer_exact_score|soccer_first_corner|soccer_first_half_team_totals|soccer_first_half_total_corners|soccer_first_to_score|soccer_game_corners_odd_even|soccer_halftime_result|soccer_player_assists|soccer_player_goalkeeper_saves|soccer_player_goals|soccer_player_goals_plus_assists|soccer_player_shots|soccer_player_shots_on_target|soccer_second_half_result|soccer_second_half_team_totals|soccer_second_half_total_corners|soccer_team_total_corners|soccer_team_totals|spreads|total_corners|totals
2026-06-19T01:00:00Z,Group,fifwc-mex-kr-2026-06-18,Mexico,Korea Republic,1-0,exact_score,Mexico,,false,false,408,7,both_teams_to_score|both_teams_to_score_first_half|both_teams_to_score_second_half|first_half_totals|moneyline|second_half_totals|soccer_exact_score|soccer_first_corner|soccer_first_half_team_totals|soccer_first_half_total_corners|soccer_first_to_score|soccer_game_corners_odd_even|soccer_halftime_result|soccer_player_assists|soccer_player_goalkeeper_saves|soccer_player_goals|soccer_player_goals_plus_assists|soccer_player_shots|soccer_player_shots_on_target|soccer_second_half_result|soccer_second_half_team_totals|soccer_second_half_total_corners|soccer_team_total_corners|soccer_team_totals|spreads|total_corners|totals
2026-06-19T19:00:00Z,Group,fifwc-usa-aus-2026-06-19,United States,Australia,2-0,exact_score,United States,,false,false,377,7,both_teams_to_score|both_teams_to_score_first_half|both_teams_to_score_second_half|first_half_totals|moneyline|second_half_totals|soccer_exact_score|soccer_first_corner|soccer_first_half_team_totals|soccer_first_half_total_corners|soccer_first_to_score|soccer_game_corners_odd_even|soccer_halftime_result|soccer_player_assists|soccer_player_goalkeeper_saves|soccer_player_goals|soccer_player_goals_plus_assists|soccer_player_shots|soccer_player_shots_on_target|soccer_second_half_result|soccer_second_half_team_totals|soccer_second_half_total_corners|soccer_team_total_corners|soccer_team_totals|spreads|total_corners|totals
2026-06-19T22:00:00Z,Group,fifwc-sco-mar-2026-06-19,Scotland,Morocco,0-1,exact_score,Morocco,,false,false,394,7,both_teams_to_score|both_teams_to_score_first_half|both_teams_to_score_second_half|first_half_totals|moneyline|second_half_totals|soccer_exact_score|soccer_first_corner|soccer_first_half_team_totals|soccer_first_half_total_corners|soccer_first_to_score|soccer_game_corners_odd_even|soccer_halftime_result|soccer_player_assists|soccer_player_goalkeeper_saves|soccer_player_goals|soccer_player_goals_plus_assists|soccer_player_shots|soccer_player_shots_on_target|soccer_second_half_result|soccer_second_half_team_totals|soccer_second_half_total_corners|soccer_team_total_corners|soccer_team_totals|spreads|total_corners|totals
2026-06-20T00:30:00Z,Group,fifwc-bra-hai-2026-06-19,Brazil,Haiti,3-0,exact_score,Brazil,,false,false,348,7,both_teams_to_score|both_teams_to_score_first_half|both_teams_to_score_second_half|first_half_totals|moneyline|second_half_totals|soccer_exact_score|soccer_first_corner|soccer_first_half_team_totals|soccer_first_half_total_corners|soccer_first_to_score|soccer_game_corners_odd_even|soccer_halftime_result|soccer_player_assists|soccer_player_goalkeeper_saves|soccer_player_goals|soccer_player_goals_plus_assists|soccer_player_shots|soccer_player_shots_on_target|soccer_second_half_result|soccer_second_half_team_totals|soccer_second_half_total_corners|soccer_team_total_corners|soccer_team_totals|spreads|total_corners|totals
2026-06-20T03:00:00Z,Group,fifwc-tur-par-2026-06-19,Türkiye,Paraguay,0-1,exact_score,Paraguay,,false,false,365,7,both_teams_to_score|both_teams_to_score_first_half|both_teams_to_score_second_half|first_half_totals|moneyline|second_half_totals|soccer_exact_score|soccer_first_corner|soccer_first_half_team_totals|soccer_first_half_total_corners|soccer_first_to_score|soccer_game_corners_odd_even|soccer_halftime_result|soccer_player_assists|soccer_player_goalkeeper_saves|soccer_player_goals|soccer_player_goals_plus_assists|soccer_player_shots|soccer_player_shots_on_target|soccer_second_half_result|soccer_second_half_team_totals|soccer_second_half_total_corners|soccer_team_total_corners|soccer_team_totals|spreads|total_corners|totals
2026-06-20T17:00:00Z,Group,fifwc-nld-swe-2026-06-20,Netherlands,Sweden,5-1,totals_ladder,Netherlands,,false,false,364,7,both_teams_to_score|both_teams_to_score_first_half|both_teams_to_score_second_half|first_half_totals|moneyline|second_half_totals|soccer_exact_score|soccer_first_corner|soccer_first_half_team_totals|soccer_first_half_total_corners|soccer_first_to_score|soccer_game_corners_odd_even|soccer_halftime_result|soccer_player_assists|soccer_player_goalkeeper_saves|soccer_player_goals|soccer_player_goals_plus_assists|soccer_player_shots|soccer_player_shots_on_target|soccer_second_half_result|soccer_second_half_team_totals|soccer_second_half_total_corners|soccer_team_total_corners|soccer_team_totals|spreads|total_corners|totals
2026-06-20T20:00:00Z,Group,fifwc-ger-civ-2026-06-20,Germany,Côte d'Ivoire,2-1,exact_score,Germany,,false,false,375,7,both_teams_to_score|both_teams_to_score_first_half|both_teams_to_score_second_half|first_half_totals|moneyline|second_half_totals|soccer_exact_score|soccer_first_corner|soccer_first_half_team_totals|soccer_first_half_total_corners|soccer_first_to_score|soccer_game_corners_odd_even|soccer_halftime_result|soccer_player_assists|soccer_player_goalkeeper_saves|soccer_player_goals|soccer_player_goals_plus_assists|soccer_player_shots|soccer_player_shots_on_target|soccer_second_half_result|soccer_second_half_team_totals|soccer_second_half_total_corners|soccer_team_total_corners|soccer_team_totals|spreads|total_corners|totals
2026-06-21T00:00:00Z,Group,fifwc-ecu-kor-2026-06-20,Ecuador,Curaçao,0-0,exact_score,Draw,,false,false,352,7,both_teams_to_score|both_teams_to_score_first_half|both_teams_to_score_second_half|first_half_totals|moneyline|second_half_totals|soccer_exact_score|soccer_first_corner|soccer_first_half_team_totals|soccer_first_half_total_corners|soccer_first_to_score|soccer_game_corners_odd_even|soccer_halftime_result|soccer_player_assists|soccer_player_goalkeeper_saves|soccer_player_goals|soccer_player_goals_plus_assists|soccer_player_shots|soccer_player_shots_on_target|soccer_second_half_result|soccer_second_half_team_totals|soccer_second_half_total_corners|soccer_team_total_corners|soccer_team_totals|spreads|total_corners|totals
2026-06-21T04:00:00Z,Group,fifwc-tun-jpn-2026-06-21,Tunisia,Japan,0-4,totals_ladder,Japan,,false,false,359,7,both_teams_to_score|both_teams_to_score_first_half|both_teams_to_score_second_half|first_half_totals|moneyline|second_half_totals|soccer_exact_score|soccer_first_corner|soccer_first_half_team_totals|soccer_first_half_total_corners|soccer_first_to_score|soccer_game_corners_odd_even|soccer_halftime_result|soccer_player_assists|soccer_player_goalkeeper_saves|soccer_player_goals|soccer_player_goals_plus_assists|soccer_player_shots|soccer_player_shots_on_target|soccer_second_half_result|soccer_second_half_team_totals|soccer_second_half_total_corners|soccer_team_total_corners|soccer_team_totals|spreads|total_corners|totals
2026-06-21T16:00:00Z,Group,fifwc-esp-ksa-2026-06-21,Spain,Saudi Arabia,4-0,totals_ladder,Spain,,false,false,382,7,both_teams_to_score|both_teams_to_score_first_half|both_teams_to_score_second_half|first_half_totals|moneyline|second_half_totals|soccer_exact_score|soccer_first_corner|soccer_first_half_team_totals|soccer_first_half_total_corners|soccer_first_to_score|soccer_game_corners_odd_even|soccer_halftime_result|soccer_player_assists|soccer_player_goalkeeper_saves|soccer_player_goals|soccer_player_goals_plus_assists|soccer_player_shots|soccer_player_shots_on_target|soccer_second_half_result|soccer_second_half_team_totals|soccer_second_half_total_corners|soccer_team_total_corners|soccer_team_totals|spreads|total_corners|totals
2026-06-21T19:00:00Z,Group,fifwc-bel-irn-2026-06-21,Belgium,IR Iran,0-0,exact_score,Draw,,false,false,388,7,both_teams_to_score|both_teams_to_score_first_half|both_teams_to_score_second_half|first_half_totals|moneyline|second_half_totals|soccer_exact_score|soccer_first_corner|soccer_first_half_team_totals|soccer_first_half_total_corners|soccer_first_to_score|soccer_game_corners_odd_even|soccer_halftime_result|soccer_player_assists|soccer_player_goalkeeper_saves|soccer_player_goals|soccer_player_goals_plus_assists|soccer_player_shots|soccer_player_shots_on_target|soccer_second_half_result|soccer_second_half_team_totals|soccer_second_half_total_corners|soccer_team_total_corners|soccer_team_totals|spreads|total_corners|totals
2026-06-21T22:00:00Z,Group,fifwc-ury-cvi-2026-06-21,Uruguay,Cabo Verde,2-2,exact_score,Draw,,false,false,365,7,both_teams_to_score|both_teams_to_score_first_half|both_teams_to_score_second_half|first_half_totals|moneyline|second_half_totals|soccer_exact_score|soccer_first_corner|soccer_first_half_team_totals|soccer_first_half_total_corners|soccer_first_to_score|soccer_game_corners_odd_even|soccer_halftime_result|soccer_player_assists|soccer_player_goalkeeper_saves|soccer_player_goals|soccer_player_goals_plus_assists|soccer_player_shots|soccer_player_shots_on_target|soccer_second_half_result|soccer_second_half_team_totals|soccer_second_half_total_corners|soccer_team_total_corners|soccer_team_totals|spreads|total_corners|totals
2026-06-22T01:00:00Z,Group,fifwc-nzl-egy-2026-06-21,New Zealand,Egypt,1-3,exact_score,Egypt,,false,false,362,7,both_teams_to_score|both_teams_to_score_first_half|both_teams_to_score_second_half|first_half_totals|moneyline|second_half_totals|soccer_exact_score|soccer_first_corner|soccer_first_half_team_totals|soccer_first_half_total_corners|soccer_first_to_score|soccer_game_corners_odd_even|soccer_halftime_result|soccer_player_assists|soccer_player_goalkeeper_saves|soccer_player_goals|soccer_player_goals_plus_assists|soccer_player_shots|soccer_player_shots_on_target|soccer_second_half_result|soccer_second_half_team_totals|soccer_second_half_total_corners|soccer_team_total_corners|soccer_team_totals|spreads|total_corners|totals
2026-06-22T17:00:00Z,Group,fifwc-arg-aut-2026-06-22,Argentina,Austria,2-0,exact_score,Argentina,,false,false,324,7,both_teams_to_score|both_teams_to_score_first_half|both_teams_to_score_second_half|first_half_totals|moneyline|second_half_totals|soccer_exact_score|soccer_first_corner|soccer_first_half_team_totals|soccer_first_half_total_corners|soccer_first_to_score|soccer_game_corners_odd_even|soccer_halftime_result|soccer_player_assists|soccer_player_goalkeeper_saves|soccer_player_goals|soccer_player_goals_plus_assists|soccer_player_shots|soccer_player_shots_on_target|soccer_second_half_result|soccer_second_half_team_totals|soccer_second_half_total_corners|soccer_team_total_corners|soccer_team_totals|spreads|total_corners|totals
2026-06-22T21:00:00Z,Group,fifwc-fra-irq-2026-06-22,France,Iraq,3-0,exact_score,France,,false,false,271,7,both_teams_to_score|both_teams_to_score_first_half|both_teams_to_score_second_half|first_half_totals|moneyline|second_half_totals|soccer_exact_score|soccer_first_corner|soccer_first_half_team_totals|soccer_first_half_total_corners|soccer_first_to_score|soccer_game_corners_odd_even|soccer_halftime_result|soccer_player_assists|soccer_player_goalkeeper_saves|soccer_player_goals|soccer_player_goals_plus_assists|soccer_player_shots|soccer_player_shots_on_target|soccer_second_half_result|soccer_second_half_team_totals|soccer_second_half_total_corners|soccer_team_total_corners|soccer_team_totals|spreads|total_corners|totals
2026-06-23T00:00:00Z,Group,fifwc-nor-sen-2026-06-22,Norway,Senegal,3-2,exact_score,Norway,,false,false,305,7,both_teams_to_score|both_teams_to_score_first_half|both_teams_to_score_second_half|first_half_totals|moneyline|second_half_totals|soccer_exact_score|soccer_first_corner|soccer_first_half_team_totals|soccer_first_half_total_corners|soccer_first_to_score|soccer_game_corners_odd_even|soccer_halftime_result|soccer_player_assists|soccer_player_goalkeeper_saves|soccer_player_goals|soccer_player_goals_plus_assists|soccer_player_shots|soccer_player_shots_on_target|soccer_second_half_result|soccer_second_half_team_totals|soccer_second_half_total_corners|soccer_team_total_corners|soccer_team_totals|spreads|total_corners|totals
2026-06-23T03:00:00Z,Group,fifwc-jor-alg-2026-06-22,Jordan,Algeria,1-2,exact_score,Algeria,,false,false,265,7,both_teams_to_score|both_teams_to_score_first_half|both_teams_to_score_second_half|first_half_totals|moneyline|second_half_totals|soccer_exact_score|soccer_first_corner|soccer_first_half_team_totals|soccer_first_half_total_corners|soccer_first_to_score|soccer_game_corners_odd_even|soccer_halftime_result|soccer_player_assists|soccer_player_goalkeeper_saves|soccer_player_goals|soccer_player_goals_plus_assists|soccer_player_shots|soccer_player_shots_on_target|soccer_second_half_result|soccer_second_half_team_totals|soccer_second_half_total_corners|soccer_team_total_corners|soccer_team_totals|spreads|total_corners|totals
2026-06-23T17:00:00Z,Group,fifwc-prt-uzb-2026-06-23,Portugal,Uzbekistan,5-0,totals_ladder,Portugal,,false,false,376,7,both_teams_to_score|both_teams_to_score_first_half|both_teams_to_score_second_half|first_half_totals|moneyline|second_half_totals|soccer_exact_score|soccer_first_corner|soccer_first_half_team_totals|soccer_first_half_total_corners|soccer_first_to_score|soccer_game_corners_odd_even|soccer_halftime_result|soccer_player_assists|soccer_player_goalkeeper_saves|soccer_player_goals|soccer_player_goals_plus_assists|soccer_player_shots|soccer_player_shots_on_target|soccer_second_half_result|soccer_second_half_team_totals|soccer_second_half_total_corners|soccer_team_total_corners|soccer_team_totals|spreads|total_corners|totals
2026-06-23T20:00:00Z,Group,fifwc-eng-gha-2026-06-23,England,Ghana,0-0,exact_score,Draw,,false,false,300,7,both_teams_to_score|both_teams_to_score_first_half|both_teams_to_score_second_half|first_half_totals|moneyline|second_half_totals|soccer_exact_score|soccer_first_corner|soccer_first_half_team_totals|soccer_first_half_total_corners|soccer_first_to_score|soccer_game_corners_odd_even|soccer_halftime_result|soccer_player_assists|soccer_player_goalkeeper_saves|soccer_player_goals|soccer_player_goals_plus_assists|soccer_player_shots|soccer_player_shots_on_target|soccer_second_half_result|soccer_second_half_team_totals|soccer_second_half_total_corners|soccer_team_total_corners|soccer_team_totals|spreads|total_corners|totals
2026-06-23T23:00:00Z,Group,fifwc-pan-hrv-2026-06-23,Panama,Croatia,0-1,exact_score,Croatia,,false,false,375,7,both_teams_to_score|both_teams_to_score_first_half|both_teams_to_score_second_half|first_half_totals|moneyline|second_half_totals|soccer_exact_score|soccer_first_corner|soccer_first_half_team_totals|soccer_first_half_total_corners|soccer_first_to_score|soccer_game_corners_odd_even|soccer_halftime_result|soccer_player_assists|soccer_player_goalkeeper_saves|soccer_player_goals|soccer_player_goals_plus_assists|soccer_player_shots|soccer_player_shots_on_target|soccer_second_half_result|soccer_second_half_team_totals|soccer_second_half_total_corners|soccer_team_total_corners|soccer_team_totals|spreads|total_corners|totals
2026-06-24T02:00:00Z,Group,fifwc-col-cdr-2026-06-23,Colombia,DR Congo,1-0,exact_score,Colombia,,false,false,366,7,both_teams_to_score|both_teams_to_score_first_half|both_teams_to_score_second_half|first_half_totals|moneyline|second_half_totals|soccer_exact_score|soccer_first_corner|soccer_first_half_team_totals|soccer_first_half_total_corners|soccer_first_to_score|soccer_game_corners_odd_even|soccer_halftime_result|soccer_player_assists|soccer_player_goalkeeper_saves|soccer_player_goals|soccer_player_goals_plus_assists|soccer_player_shots|soccer_player_shots_on_target|soccer_second_half_result|soccer_second_half_team_totals|soccer_second_half_total_corners|soccer_team_total_corners|soccer_team_totals|spreads|total_corners|totals
2026-06-24T19:00:00Z,Group,fifwc-che-can-2026-06-24,Switzerland,Canada,2-1,exact_score,Switzerland,,false,false,334,7,both_teams_to_score|both_teams_to_score_first_half|both_teams_to_score_second_half|first_half_totals|moneyline|second_half_totals|soccer_exact_score|soccer_first_corner|soccer_first_half_team_totals|soccer_first_half_total_corners|soccer_first_to_score|soccer_game_corners_odd_even|soccer_halftime_result|soccer_player_assists|soccer_player_goalkeeper_saves|soccer_player_goals|soccer_player_goals_plus_assists|soccer_player_shots|soccer_player_shots_on_target|soccer_second_half_result|soccer_second_half_team_totals|soccer_second_half_total_corners|soccer_team_total_corners|soccer_team_totals|spreads|total_corners|totals
2026-06-24T19:00:00Z,Group,fifwc-bih-qat-2026-06-24,Bosnia-Herzegovina,Qatar,3-1,exact_score,Bosnia-Herzegovina,,false,false,299,7,both_teams_to_score|both_teams_to_score_first_half|both_teams_to_score_second_half|first_half_totals|moneyline|second_half_totals|soccer_exact_score|soccer_first_corner|soccer_first_half_team_totals|soccer_first_half_total_corners|soccer_first_to_score|soccer_game_corners_odd_even|soccer_halftime_result|soccer_player_assists|soccer_player_goalkeeper_saves|soccer_player_goals|soccer_player_goals_plus_assists|soccer_player_shots|soccer_player_shots_on_target|soccer_second_half_result|soccer_second_half_team_totals|soccer_second_half_total_corners|soccer_team_total_corners|soccer_team_totals|spreads|total_corners|totals
2026-06-24T22:00:00Z,Group,fifwc-mar-hai-2026-06-24,Morocco,Haiti,4-2,totals_ladder,Morocco,,false,false,323,7,both_teams_to_score|both_teams_to_score_first_half|both_teams_to_score_second_half|first_half_totals|moneyline|second_half_totals|soccer_exact_score|soccer_first_corner|soccer_first_half_team_totals|soccer_first_half_total_corners|soccer_first_to_score|soccer_game_corners_odd_even|soccer_halftime_result|soccer_player_assists|soccer_player_goalkeeper_saves|soccer_player_goals|soccer_player_goals_plus_assists|soccer_player_shots|soccer_player_shots_on_target|soccer_second_half_result|soccer_second_half_team_totals|soccer_second_half_total_corners|soccer_team_total_corners|soccer_team_totals|spreads|total_corners|totals
2026-06-24T22:00:00Z,Group,fifwc-sco-bra-2026-06-24,Scotland,Brazil,0-3,exact_score,Brazil,,false,false,263,7,both_teams_to_score|both_teams_to_score_first_half|both_teams_to_score_second_half|first_half_totals|moneyline|second_half_totals|soccer_exact_score|soccer_first_corner|soccer_first_half_team_totals|soccer_first_half_total_corners|soccer_first_to_score|soccer_game_corners_odd_even|soccer_halftime_result|soccer_player_assists|soccer_player_goalkeeper_saves|soccer_player_goals|soccer_player_goals_plus_assists|soccer_player_shots|soccer_player_shots_on_target|soccer_second_half_result|soccer_second_half_team_totals|soccer_second_half_total_corners|soccer_team_total_corners|soccer_team_totals|spreads|total_corners|totals
2026-06-25T01:00:00Z,Group,fifwc-cze-mex-2026-06-24,Czechia,Mexico,0-3,exact_score,Mexico,,false,false,308,7,both_teams_to_score|both_teams_to_score_first_half|both_teams_to_score_second_half|first_half_totals|moneyline|second_half_totals|soccer_exact_score|soccer_first_corner|soccer_first_half_team_totals|soccer_first_half_total_corners|soccer_first_to_score|soccer_game_corners_odd_even|soccer_halftime_result|soccer_player_assists|soccer_player_goalkeeper_saves|soccer_player_goals|soccer_player_goals_plus_assists|soccer_player_shots|soccer_player_shots_on_target|soccer_second_half_result|soccer_second_half_team_totals|soccer_second_half_total_corners|soccer_team_total_corners|soccer_team_totals|spreads|total_corners|totals
2026-06-25T01:00:00Z,Group,fifwc-rsa-kr-2026-06-24,South Africa,Korea Republic,1-0,exact_score,South Africa,,false,false,286,7,both_teams_to_score|both_teams_to_score_first_half|both_teams_to_score_second_half|first_half_totals|moneyline|second_half_totals|soccer_exact_score|soccer_first_corner|soccer_first_half_team_totals|soccer_first_half_total_corners|soccer_first_to_score|soccer_game_corners_odd_even|soccer_halftime_result|soccer_player_assists|soccer_player_goalkeeper_saves|soccer_player_goals|soccer_player_goals_plus_assists|soccer_player_shots|soccer_player_shots_on_target|soccer_second_half_result|soccer_second_half_team_totals|soccer_second_half_total_corners|soccer_team_total_corners|soccer_team_totals|spreads|total_corners|totals
2026-06-25T20:00:00Z,Group,fifwc-ecu-ger-2026-06-25,Ecuador,Germany,2-1,exact_score,Ecuador,,false,false,312,7,both_teams_to_score|both_teams_to_score_first_half|both_teams_to_score_second_half|first_half_totals|moneyline|second_half_totals|soccer_exact_score|soccer_first_corner|soccer_first_half_team_totals|soccer_first_half_total_corners|soccer_first_to_score|soccer_game_corners_odd_even|soccer_halftime_result|soccer_player_assists|soccer_player_goalkeeper_saves|soccer_player_goals|soccer_player_goals_plus_assists|soccer_player_shots|soccer_player_shots_on_target|soccer_second_half_result|soccer_second_half_team_totals|soccer_second_half_total_corners|soccer_team_total_corners|soccer_team_totals|spreads|total_corners|totals
2026-06-25T20:00:00Z,Group,fifwc-kor-civ-2026-06-25,Curaçao,Côte d'Ivoire,0-2,exact_score,Côte d'Ivoire,,false,false,283,7,both_teams_to_score|both_teams_to_score_first_half|both_teams_to_score_second_half|first_half_totals|moneyline|second_half_totals|soccer_exact_score|soccer_first_corner|soccer_first_half_team_totals|soccer_first_half_total_corners|soccer_first_to_score|soccer_game_corners_odd_even|soccer_halftime_result|soccer_player_assists|soccer_player_goalkeeper_saves|soccer_player_goals|soccer_player_goals_plus_assists|soccer_player_shots|soccer_player_shots_on_target|soccer_second_half_result|soccer_second_half_team_totals|soccer_second_half_total_corners|soccer_team_total_corners|soccer_team_totals|spreads|total_corners|totals
2026-06-25T23:00:00Z,Group,fifwc-jpn-swe-2026-06-25,Japan,Sweden,1-1,exact_score,Draw,,false,false,305,7,both_teams_to_score|both_teams_to_score_first_half|both_teams_to_score_second_half|first_half_totals|moneyline|second_half_totals|soccer_exact_score|soccer_first_corner|soccer_first_half_team_totals|soccer_first_half_total_corners|soccer_first_to_score|soccer_game_corners_odd_even|soccer_halftime_result|soccer_player_assists|soccer_player_goalkeeper_saves|soccer_player_goals|soccer_player_goals_plus_assists|soccer_player_shots|soccer_player_shots_on_target|soccer_second_half_result|soccer_second_half_team_totals|soccer_second_half_total_corners|soccer_team_total_corners|soccer_team_totals|spreads|total_corners|totals
2026-06-25T23:00:00Z,Group,fifwc-tun-nld-2026-06-25,Tunisia,Netherlands,1-3,exact_score,Netherlands,,false,false,299,7,both_teams_to_score|both_teams_to_score_first_half|both_teams_to_score_second_half|first_half_totals|moneyline|second_half_totals|soccer_exact_score|soccer_first_corner|soccer_first_half_team_totals|soccer_first_half_total_corners|soccer_first_to_score|soccer_game_corners_odd_even|soccer_halftime_result|soccer_player_assists|soccer_player_goalkeeper_saves|soccer_player_goals|soccer_player_goals_plus_assists|soccer_player_shots|soccer_player_shots_on_target|soccer_second_half_result|soccer_second_half_team_totals|soccer_second_half_total_corners|soccer_team_total_corners|soccer_team_totals|spreads|total_corners|totals
2026-06-26T02:00:00Z,Group,fifwc-par-aus-2026-06-25,Paraguay,Australia,0-0,exact_score,Draw,,false,false,281,7,both_teams_to_score|both_teams_to_score_first_half|both_teams_to_score_second_half|first_half_totals|moneyline|second_half_totals|soccer_exact_score|soccer_first_corner|soccer_first_half_team_totals|soccer_first_half_total_corners|soccer_first_to_score|soccer_game_corners_odd_even|soccer_halftime_result|soccer_player_assists|soccer_player_goalkeeper_saves|soccer_player_goals|soccer_player_goals_plus_assists|soccer_player_shots|soccer_player_shots_on_target|soccer_second_half_result|soccer_second_half_team_totals|soccer_second_half_total_corners|soccer_team_total_corners|soccer_team_totals|spreads|total_corners|totals
2026-06-26T02:00:00Z,Group,fifwc-tur-usa-2026-06-25,Türkiye,United States,3-2,exact_score,Türkiye,,false,false,320,7,both_teams_to_score|both_teams_to_score_first_half|both_teams_to_score_second_half|first_half_totals|moneyline|second_half_totals|soccer_exact_score|soccer_first_corner|soccer_first_half_team_totals|soccer_first_half_total_corners|soccer_first_to_score|soccer_game_corners_odd_even|soccer_halftime_result|soccer_player_assists|soccer_player_goalkeeper_saves|soccer_player_goals|soccer_player_goals_plus_assists|soccer_player_shots|soccer_player_shots_on_target|soccer_second_half_result|soccer_second_half_team_totals|soccer_second_half_total_corners|soccer_team_total_corners|soccer_team_totals|spreads|total_corners|totals
2026-06-26T19:00:00Z,Group,fifwc-nor-fra-2026-06-26,Norway,France,1-4,totals_ladder,France,,false,false,349,7,both_teams_to_score|both_teams_to_score_first_half|both_teams_to_score_second_half|first_half_totals|moneyline|second_half_totals|soccer_exact_score|soccer_first_corner|soccer_first_half_team_totals|soccer_first_half_total_corners|soccer_first_to_score|soccer_game_corners_odd_even|soccer_halftime_result|soccer_player_assists|soccer_player_goalkeeper_saves|soccer_player_goals|soccer_player_goals_plus_assists|soccer_player_shots|soccer_player_shots_on_target|soccer_second_half_result|soccer_second_half_team_totals|soccer_second_half_total_corners|soccer_team_total_corners|soccer_team_totals|spreads|total_corners|totals
2026-06-26T19:00:00Z,Group,fifwc-sen-irq-2026-06-26,Senegal,Iraq,5-0,totals_ladder,Senegal,,false,false,342,7,both_teams_to_score|both_teams_to_score_first_half|both_teams_to_score_second_half|first_half_totals|moneyline|second_half_totals|soccer_exact_score|soccer_first_corner|soccer_first_half_team_totals|soccer_first_half_total_corners|soccer_first_to_score|soccer_game_corners_odd_even|soccer_halftime_result|soccer_player_assists|soccer_player_goalkeeper_saves|soccer_player_goals|soccer_player_goals_plus_assists|soccer_player_shots|soccer_player_shots_on_target|soccer_second_half_result|soccer_second_half_team_totals|soccer_second_half_total_corners|soccer_team_total_corners|soccer_team_totals|spreads|total_corners|totals
2026-06-27T00:00:00Z,Group,fifwc-cvi-ksa-2026-06-26,Cabo Verde,Saudi Arabia,0-0,exact_score,Draw,,false,false,316,7,both_teams_to_score|both_teams_to_score_first_half|both_teams_to_score_second_half|first_half_totals|moneyline|second_half_totals|soccer_exact_score|soccer_first_corner|soccer_first_half_team_totals|soccer_first_half_total_corners|soccer_first_to_score|soccer_game_corners_odd_even|soccer_halftime_result|soccer_player_assists|soccer_player_goalkeeper_saves|soccer_player_goals|soccer_player_goals_plus_assists|soccer_player_shots|soccer_player_shots_on_target|soccer_second_half_result|soccer_second_half_team_totals|soccer_second_half_total_corners|soccer_team_total_corners|soccer_team_totals|spreads|total_corners|totals
2026-06-27T00:00:00Z,Group,fifwc-ury-esp-2026-06-26,Uruguay,Spain,0-1,exact_score,Spain,,false,false,309,7,both_teams_to_score|both_teams_to_score_first_half|both_teams_to_score_second_half|first_half_totals|moneyline|second_half_totals|soccer_exact_score|soccer_first_corner|soccer_first_half_team_totals|soccer_first_half_total_corners|soccer_first_to_score|soccer_game_corners_odd_even|soccer_halftime_result|soccer_player_assists|soccer_player_goalkeeper_saves|soccer_player_goals|soccer_player_goals_plus_assists|soccer_player_shots|soccer_player_shots_on_target|soccer_second_half_result|soccer_second_half_team_totals|soccer_second_half_total_corners|soccer_team_total_corners|soccer_team_totals|spreads|total_corners|totals
2026-06-27T03:00:00Z,Group,fifwc-egy-irn-2026-06-26,Egypt,IR Iran,1-1,exact_score,Draw,,false,false,311,7,both_teams_to_score|both_teams_to_score_first_half|both_teams_to_score_second_half|first_half_totals|moneyline|second_half_totals|soccer_exact_score|soccer_first_corner|soccer_first_half_team_totals|soccer_first_half_total_corners|soccer_first_to_score|soccer_game_corners_odd_even|soccer_halftime_result|soccer_player_assists|soccer_player_goalkeeper_saves|soccer_player_goals|soccer_player_goals_plus_assists|soccer_player_shots|soccer_player_shots_on_target|soccer_second_half_result|soccer_second_half_team_totals|soccer_second_half_total_corners|soccer_team_total_corners|soccer_team_totals|spreads|total_corners|totals
2026-06-27T03:00:00Z,Group,fifwc-nzl-bel-2026-06-26,New Zealand,Belgium,1-5,totals_ladder,Belgium,,false,false,314,7,both_teams_to_score|both_teams_to_score_first_half|both_teams_to_score_second_half|first_half_totals|moneyline|second_half_totals|soccer_exact_score|soccer_first_corner|soccer_first_half_team_totals|soccer_first_half_total_corners|soccer_first_to_score|soccer_game_corners_odd_even|soccer_halftime_result|soccer_player_assists|soccer_player_goalkeeper_saves|soccer_player_goals|soccer_player_goals_plus_assists|soccer_player_shots|soccer_player_shots_on_target|soccer_second_half_result|soccer_second_half_team_totals|soccer_second_half_total_corners|soccer_team_total_corners|soccer_team_totals|spreads|total_corners|totals
2026-06-27T21:00:00Z,Group,fifwc-pan-eng-2026-06-27,Panama,England,0-2,exact_score,England,,false,false,340,7,both_teams_to_score|both_teams_to_score_first_half|both_teams_to_score_second_half|first_half_totals|moneyline|second_half_totals|soccer_exact_score|soccer_first_corner|soccer_first_half_team_totals|soccer_first_half_total_corners|soccer_first_to_score|soccer_game_corners_odd_even|soccer_halftime_result|soccer_player_assists|soccer_player_goalkeeper_saves|soccer_player_goals|soccer_player_goals_plus_assists|soccer_player_shots|soccer_player_shots_on_target|soccer_second_half_result|soccer_second_half_team_totals|soccer_second_half_total_corners|soccer_team_total_corners|soccer_team_totals|spreads|total_corners|totals
2026-06-27T21:00:00Z,Group,fifwc-hrv-gha-2026-06-27,Croatia,Ghana,2-1,exact_score,Croatia,,false,false,345,7,both_teams_to_score|both_teams_to_score_first_half|both_teams_to_score_second_half|first_half_totals|moneyline|second_half_totals|soccer_exact_score|soccer_first_corner|soccer_first_half_team_totals|soccer_first_half_total_corners|soccer_first_to_score|soccer_game_corners_odd_even|soccer_halftime_result|soccer_player_assists|soccer_player_goalkeeper_saves|soccer_player_goals|soccer_player_goals_plus_assists|soccer_player_shots|soccer_player_shots_on_target|soccer_second_half_result|soccer_second_half_team_totals|soccer_second_half_total_corners|soccer_team_total_corners|soccer_team_totals|spreads|total_corners|totals
2026-06-27T23:30:00Z,Group,fifwc-col-prt-2026-06-27,Colombia,Portugal,0-0,exact_score,Draw,,false,false,307,7,both_teams_to_score|both_teams_to_score_first_half|both_teams_to_score_second_half|first_half_totals|moneyline|second_half_totals|soccer_exact_score|soccer_first_corner|soccer_first_half_team_totals|soccer_first_half_total_corners|soccer_first_to_score|soccer_game_corners_odd_even|soccer_halftime_result|soccer_player_assists|soccer_player_goalkeeper_saves|soccer_player_goals|soccer_player_goals_plus_assists|soccer_player_shots|soccer_player_shots_on_target|soccer_second_half_result|soccer_second_half_team_totals|soccer_second_half_total_corners|soccer_team_total_corners|soccer_team_totals|spreads|total_corners|totals
2026-06-27T23:30:00Z,Group,fifwc-cdr-uzb-2026-06-27,DR Congo,Uzbekistan,3-1,exact_score,DR Congo,,false,false,226,7,both_teams_to_score|both_teams_to_score_first_half|both_teams_to_score_second_half|first_half_totals|moneyline|second_half_totals|soccer_exact_score|soccer_first_corner|soccer_first_half_team_totals|soccer_first_half_total_corners|soccer_first_to_score|soccer_game_corners_odd_even|soccer_halftime_result|soccer_player_assists|soccer_player_goalkeeper_saves|soccer_player_goals|soccer_player_goals_plus_assists|soccer_player_shots|soccer_player_shots_on_target|soccer_second_half_result|soccer_second_half_team_totals|soccer_second_half_total_corners|soccer_team_total_corners|soccer_team_totals|spreads|total_corners|totals
2026-06-28T02:00:00Z,Round of 32,fifwc-jor-arg-2026-06-27,Jordan,Argentina,1-3,exact_score,Argentina,,false,false,273,7,both_teams_to_score|both_teams_to_score_first_half|both_teams_to_score_second_half|first_half_totals|moneyline|second_half_totals|soccer_exact_score|soccer_first_corner|soccer_first_half_team_totals|soccer_first_half_total_corners|soccer_first_to_score|soccer_game_corners_odd_even|soccer_halftime_result|soccer_player_assists|soccer_player_goalkeeper_saves|soccer_player_goals|soccer_player_goals_plus_assists|soccer_player_shots|soccer_player_shots_on_target|soccer_second_half_result|soccer_second_half_team_totals|soccer_second_half_total_corners|soccer_team_total_corners|soccer_team_totals|spreads|total_corners|totals
2026-06-28T02:00:00Z,Round of 32,fifwc-alg-aut-2026-06-27,Algeria,Austria,3-3,exact_score,Draw,,false,false,237,6,both_teams_to_score|both_teams_to_score_first_half|both_teams_to_score_second_half|first_half_totals|moneyline|second_half_totals|soccer_exact_score|soccer_first_half_team_totals|soccer_first_to_score|soccer_halftime_result|soccer_player_assists|soccer_player_goalkeeper_saves|soccer_player_goals|soccer_player_goals_plus_assists|soccer_player_shots|soccer_player_shots_on_target|soccer_second_half_result|soccer_second_half_team_totals|soccer_team_totals|spreads|totals
2026-06-28T19:00:00Z,Round of 32,fifwc-rsa-can-2026-06-28,South Africa,Canada,0-1,exact_score,Canada,Canada,false,false,331,7,both_teams_to_score|both_teams_to_score_first_half|both_teams_to_score_second_half|first_half_totals|moneyline|second_half_totals|soccer_exact_score|soccer_first_corner|soccer_first_half_team_totals|soccer_first_half_total_corners|soccer_first_to_score|soccer_game_corners_odd_even|soccer_halftime_result|soccer_player_assists|soccer_player_goalkeeper_saves|soccer_player_goals|soccer_player_goals_plus_assists|soccer_player_shots|soccer_player_shots_on_target|soccer_second_half_result|soccer_second_half_team_totals|soccer_second_half_total_corners|soccer_team_to_advance|soccer_team_total_corners|soccer_team_totals|spreads|total_corners|totals
2026-06-29T17:00:00Z,Round of 32,fifwc-bra-jpn-2026-06-29,Brazil,Japan,2-1,exact_score,Brazil,Brazil,false,false,347,7,both_teams_to_score|both_teams_to_score_first_half|both_teams_to_score_second_half|first_half_totals|moneyline|second_half_totals|soccer_exact_score|soccer_first_corner|soccer_first_half_team_totals|soccer_first_half_total_corners|soccer_first_to_score|soccer_game_corners_odd_even|soccer_halftime_result|soccer_player_assists|soccer_player_goalkeeper_saves|soccer_player_goals|soccer_player_goals_plus_assists|soccer_player_shots|soccer_player_shots_on_target|soccer_second_half_result|soccer_second_half_team_totals|soccer_second_half_total_corners|soccer_team_to_advance|soccer_team_total_corners|soccer_team_totals|spreads|total_corners|totals
2026-06-29T20:30:00Z,Round of 32,fifwc-ger-par-2026-06-29,Germany,Paraguay,1-1,exact_score,Draw,Paraguay,true,true,383,7,both_teams_to_score|both_teams_to_score_first_half|both_teams_to_score_second_half|first_half_totals|moneyline|second_half_totals|soccer_exact_score|soccer_extra_time|soccer_first_corner|soccer_first_half_team_totals|soccer_first_half_total_corners|soccer_first_to_score|soccer_game_corners_odd_even|soccer_halftime_result|soccer_penalty_shootout|soccer_player_assists|soccer_player_goalkeeper_saves|soccer_player_goals|soccer_player_goals_plus_assists|soccer_player_shots|soccer_player_shots_on_target|soccer_second_half_result|soccer_second_half_team_totals|soccer_second_half_total_corners|soccer_team_to_advance|soccer_team_total_corners|soccer_team_totals|spreads|total_corners|totals
2026-06-30T01:00:00Z,Round of 32,fifwc-nld-mar-2026-06-29,Netherlands,Morocco,1-1,exact_score,Draw,Morocco,true,true,307,7,both_teams_to_score|both_teams_to_score_first_half|both_teams_to_score_second_half|first_half_totals|moneyline|second_half_totals|soccer_exact_score|soccer_extra_time|soccer_first_corner|soccer_first_half_team_totals|soccer_first_half_total_corners|soccer_first_to_score|soccer_game_corners_odd_even|soccer_halftime_result|soccer_penalty_shootout|soccer_player_assists|soccer_player_goalkeeper_saves|soccer_player_goals|soccer_player_goals_plus_assists|soccer_player_shots|soccer_player_shots_on_target|soccer_second_half_result|soccer_second_half_team_totals|soccer_second_half_total_corners|soccer_team_to_advance|soccer_team_total_corners|soccer_team_totals|spreads|total_corners|totals
2026-06-30T17:00:00Z,Round of 32,fifwc-civ-nor-2026-06-30,Côte d'Ivoire,Norway,1-2,exact_score,Norway,Norway,false,false,339,7,both_teams_to_score|both_teams_to_score_first_half|both_teams_to_score_second_half|first_half_totals|moneyline|second_half_totals|soccer_exact_score|soccer_extra_time|soccer_first_corner|soccer_first_half_team_totals|soccer_first_half_total_corners|soccer_first_to_score|soccer_game_corners_odd_even|soccer_halftime_result|soccer_penalty_shootout|soccer_player_assists|soccer_player_goalkeeper_saves|soccer_player_goals|soccer_player_goals_plus_assists|soccer_player_shots|soccer_player_shots_on_target|soccer_second_half_result|soccer_second_half_team_totals|soccer_second_half_total_corners|soccer_team_to_advance|soccer_team_total_corners|soccer_team_totals|spreads|total_corners|totals
2026-06-30T21:00:00Z,Round of 32,fifwc-fra-swe-2026-06-30,France,Sweden,3-0,exact_score,France,France,false,false,305,7,both_teams_to_score|both_teams_to_score_first_half|both_teams_to_score_second_half|first_half_totals|moneyline|second_half_totals|soccer_exact_score|soccer_extra_time|soccer_first_corner|soccer_first_half_team_totals|soccer_first_half_total_corners|soccer_first_to_score|soccer_game_corners_odd_even|soccer_halftime_result|soccer_penalty_shootout|soccer_player_assists|soccer_player_goalkeeper_saves|soccer_player_goals|soccer_player_goals_plus_assists|soccer_player_shots|soccer_player_shots_on_target|soccer_second_half_result|soccer_second_half_team_totals|soccer_second_half_total_corners|soccer_team_to_advance|soccer_team_total_corners|soccer_team_totals|spreads|total_corners|totals
2026-07-01T01:00:00Z,Round of 32,fifwc-mex-ecu-2026-06-30,Mexico,Ecuador,2-0,exact_score,Mexico,Mexico,false,false,310,7,both_teams_to_score|both_teams_to_score_first_half|both_teams_to_score_second_half|first_half_totals|moneyline|second_half_totals|soccer_exact_score|soccer_extra_time|soccer_first_corner|soccer_first_half_team_totals|soccer_first_half_total_corners|soccer_first_to_score|soccer_game_corners_odd_even|soccer_halftime_result|soccer_penalty_shootout|soccer_player_assists|soccer_player_goalkeeper_saves|soccer_player_goals|soccer_player_goals_plus_assists|soccer_player_shots|soccer_player_shots_on_target|soccer_second_half_result|soccer_second_half_team_totals|soccer_second_half_total_corners|soccer_team_to_advance|soccer_team_total_corners|soccer_team_totals|spreads|total_corners|totals
2026-07-01T16:00:00Z,Round of 32,fifwc-eng-cdr-2026-07-01,England,DR Congo,2-1,exact_score,England,England,false,false,250,7,both_teams_to_score|both_teams_to_score_first_half|both_teams_to_score_second_half|first_half_totals|moneyline|second_half_totals|soccer_exact_score|soccer_extra_time|soccer_first_corner|soccer_first_half_team_totals|soccer_first_half_total_corners|soccer_first_to_score|soccer_game_corners_odd_even|soccer_halftime_result|soccer_penalty_shootout|soccer_player_assists|soccer_player_goalkeeper_saves|soccer_player_goals|soccer_player_goals_plus_assists|soccer_player_shots|soccer_player_shots_on_target|soccer_second_half_result|soccer_second_half_team_totals|soccer_second_half_total_corners|soccer_team_to_advance|soccer_team_total_corners|soccer_team_totals|spreads|total_corners|totals
2026-07-01T20:00:00Z,Round of 32,fifwc-bel-sen-2026-07-01,Belgium,Senegal,2-2,exact_score,Draw,Belgium,true,false,297,7,both_teams_to_score|both_teams_to_score_first_half|both_teams_to_score_second_half|first_half_totals|moneyline|second_half_totals|soccer_exact_score|soccer_extra_time|soccer_first_corner|soccer_first_half_team_totals|soccer_first_half_total_corners|soccer_first_to_score|soccer_game_corners_odd_even|soccer_halftime_result|soccer_penalty_shootout|soccer_player_assists|soccer_player_goalkeeper_saves|soccer_player_goals|soccer_player_goals_plus_assists|soccer_player_shots|soccer_player_shots_on_target|soccer_second_half_result|soccer_second_half_team_totals|soccer_second_half_total_corners|soccer_team_to_advance|soccer_team_total_corners|soccer_team_totals|spreads|total_corners|totals
2026-07-02T00:00:00Z,Round of 32,fifwc-usa-bih-2026-07-01,United States,Bosnia and Herzegovina,2-0,exact_score,United States,United States,false,false,330,7,both_teams_to_score|both_teams_to_score_first_half|both_teams_to_score_second_half|first_half_totals|moneyline|second_half_totals|soccer_exact_score|soccer_extra_time|soccer_first_corner|soccer_first_half_team_totals|soccer_first_half_total_corners|soccer_first_to_score|soccer_game_corners_odd_even|soccer_halftime_result|soccer_penalty_shootout|soccer_player_assists|soccer_player_goalkeeper_saves|soccer_player_goals|soccer_player_goals_plus_assists|soccer_player_shots|soccer_player_shots_on_target|soccer_second_half_result|soccer_second_half_team_totals|soccer_second_half_total_corners|soccer_team_to_advance|soccer_team_total_corners|soccer_team_totals|spreads|total_corners|totals
2026-07-02T19:00:00Z,Round of 32,fifwc-esp-aut-2026-07-02,Spain,Austria,3-0,exact_score,Spain,Spain,false,false,354,7,both_teams_to_score|both_teams_to_score_first_half|both_teams_to_score_second_half|first_half_totals|moneyline|second_half_totals|soccer_exact_score|soccer_extra_time|soccer_first_corner|soccer_first_half_team_totals|soccer_first_half_total_corners|soccer_first_to_score|soccer_game_corners_odd_even|soccer_halftime_result|soccer_penalty_shootout|soccer_player_assists|soccer_player_goalkeeper_saves|soccer_player_goals|soccer_player_goals_plus_assists|soccer_player_shots|soccer_player_shots_on_target|soccer_second_half_result|soccer_second_half_team_totals|soccer_second_half_total_corners|soccer_team_to_advance|soccer_team_total_corners|soccer_team_totals|spreads|total_corners|totals
2026-07-02T23:00:00Z,Round of 32,fifwc-prt-hrv-2026-07-02,Portugal,Croatia,2-1,exact_score,Portugal,Portugal,false,false,331,7,both_teams_to_score|both_teams_to_score_first_half|both_teams_to_score_second_half|first_half_totals|moneyline|second_half_totals|soccer_exact_score|soccer_extra_time|soccer_first_corner|soccer_first_half_team_totals|soccer_first_half_total_corners|soccer_first_to_score|soccer_game_corners_odd_even|soccer_halftime_result|soccer_penalty_shootout|soccer_player_assists|soccer_player_goalkeeper_saves|soccer_player_goals|soccer_player_goals_plus_assists|soccer_player_shots|soccer_player_shots_on_target|soccer_second_half_result|soccer_second_half_team_totals|soccer_second_half_total_corners|soccer_team_to_advance|soccer_team_total_corners|soccer_team_totals|spreads|total_corners|totals
2026-07-03T03:00:00Z,Round of 32,fifwc-che-alg-2026-07-02,Switzerland,Algeria,2-0,exact_score,Switzerland,Switzerland,false,false,333,7,both_teams_to_score|both_teams_to_score_first_half|both_teams_to_score_second_half|first_half_totals|moneyline|second_half_totals|soccer_exact_score|soccer_extra_time|soccer_first_corner|soccer_first_half_team_totals|soccer_first_half_total_corners|soccer_first_to_score|soccer_game_corners_odd_even|soccer_halftime_result|soccer_penalty_shootout|soccer_player_assists|soccer_player_goalkeeper_saves|soccer_player_goals|soccer_player_goals_plus_assists|soccer_player_shots|soccer_player_shots_on_target|soccer_second_half_result|soccer_second_half_team_totals|soccer_second_half_total_corners|soccer_team_to_advance|soccer_team_total_corners|soccer_team_totals|spreads|total_corners|totals
2026-07-03T18:00:00Z,Round of 32,fifwc-aus-egy-2026-07-03,Australia,Egypt,1-1,exact_score,Draw,Egypt,true,true,237,7,both_teams_to_score|both_teams_to_score_first_half|both_teams_to_score_second_half|first_half_totals|moneyline|second_half_totals|soccer_exact_score|soccer_extra_time|soccer_first_corner|soccer_first_half_team_totals|soccer_first_half_total_corners|soccer_first_to_score|soccer_game_corners_odd_even|soccer_halftime_result|soccer_penalty_shootout|soccer_player_assists|soccer_player_goalkeeper_saves|soccer_player_goals|soccer_player_goals_plus_assists|soccer_player_shots|soccer_player_shots_on_target|soccer_second_half_result|soccer_second_half_team_totals|soccer_second_half_total_corners|soccer_team_to_advance|soccer_team_total_corners|soccer_team_totals|spreads|total_corners|totals
2026-07-03T22:00:00Z,Round of 32,fifwc-arg-cvi-2026-07-03,Argentina,Cabo Verde,1-1,exact_score,Draw,Argentina,true,false,199,7,both_teams_to_score|both_teams_to_score_first_half|both_teams_to_score_second_half|first_half_totals|moneyline|second_half_totals|soccer_exact_score|soccer_extra_time|soccer_first_corner|soccer_first_half_team_totals|soccer_first_half_total_corners|soccer_first_to_score|soccer_game_corners_odd_even|soccer_halftime_result|soccer_penalty_shootout|soccer_player_assists|soccer_player_goalkeeper_saves|soccer_player_goals|soccer_player_goals_plus_assists|soccer_player_shots|soccer_player_shots_on_target|soccer_second_half_result|soccer_second_half_team_totals|soccer_second_half_total_corners|soccer_team_to_advance|soccer_team_total_corners|soccer_team_totals|spreads|total_corners|totals
2026-07-04T01:30:00Z,Round of 16,fifwc-col-gha-2026-07-03,Colombia,Ghana,1-0,exact_score,Colombia,Colombia,false,false,221,7,both_teams_to_score|both_teams_to_score_first_half|both_teams_to_score_second_half|first_half_totals|moneyline|second_half_totals|soccer_exact_score|soccer_extra_time|soccer_first_corner|soccer_first_half_team_totals|soccer_first_half_total_corners|soccer_first_to_score|soccer_game_corners_odd_even|soccer_halftime_result|soccer_penalty_shootout|soccer_player_assists|soccer_player_goalkeeper_saves|soccer_player_goals|soccer_player_goals_plus_assists|soccer_player_shots|soccer_player_shots_on_target|soccer_second_half_result|soccer_second_half_team_totals|soccer_second_half_total_corners|soccer_team_to_advance|soccer_team_total_corners|soccer_team_totals|spreads|total_corners|totals
2026-07-04T17:00:00Z,Round of 16,fifwc-can-mar-2026-07-04,Canada,Morocco,0-3,exact_score,Morocco,Morocco,false,false,231,7,both_teams_to_score|both_teams_to_score_first_half|both_teams_to_score_second_half|first_half_totals|moneyline|second_half_totals|soccer_exact_score|soccer_extra_time|soccer_first_corner|soccer_first_half_team_totals|soccer_first_half_total_corners|soccer_first_to_score|soccer_game_corners_odd_even|soccer_halftime_result|soccer_penalty_shootout|soccer_player_assists|soccer_player_goalkeeper_saves|soccer_player_goals|soccer_player_goals_plus_assists|soccer_player_shots|soccer_player_shots_on_target|soccer_second_half_result|soccer_second_half_team_totals|soccer_second_half_total_corners|soccer_team_to_advance|soccer_team_total_corners|soccer_team_totals|spreads|total_corners|totals
2026-07-04T21:00:00Z,Round of 16,fifwc-par-fra-2026-07-04,Paraguay,France,0-1,exact_score,France,France,false,false,223,7,both_teams_to_score|both_teams_to_score_first_half|both_teams_to_score_second_half|first_half_totals|moneyline|second_half_totals|soccer_exact_score|soccer_extra_time|soccer_first_corner|soccer_first_half_team_totals|soccer_first_half_total_corners|soccer_first_to_score|soccer_game_corners_odd_even|soccer_halftime_result|soccer_penalty_shootout|soccer_player_assists|soccer_player_goalkeeper_saves|soccer_player_goals|soccer_player_goals_plus_assists|soccer_player_shots|soccer_player_shots_on_target|soccer_second_half_result|soccer_second_half_team_totals|soccer_second_half_total_corners|soccer_team_to_advance|soccer_team_total_corners|soccer_team_totals|spreads|total_corners|totals
2026-07-05T20:00:00Z,Round of 16,fifwc-bra-nor-2026-07-05,Brazil,Norway,1-2,exact_score,Norway,Norway,false,false,233,7,both_teams_to_score|both_teams_to_score_first_half|both_teams_to_score_second_half|first_half_totals|moneyline|second_half_totals|soccer_exact_score|soccer_extra_time|soccer_first_corner|soccer_first_half_team_totals|soccer_first_half_total_corners|soccer_first_to_score|soccer_game_corners_odd_even|soccer_halftime_result|soccer_penalty_shootout|soccer_player_assists|soccer_player_goalkeeper_saves|soccer_player_goals|soccer_player_goals_plus_assists|soccer_player_shots|soccer_player_shots_on_target|soccer_second_half_result|soccer_second_half_team_totals|soccer_second_half_total_corners|soccer_team_to_advance|soccer_team_total_corners|soccer_team_totals|spreads|total_corners|totals
2026-07-06T00:00:00Z,Round of 16,fifwc-mex-eng-2026-07-05,Mexico,England,2-3,exact_score,England,England,false,false,218,7,both_teams_to_score|both_teams_to_score_first_half|both_teams_to_score_second_half|first_half_totals|moneyline|second_half_totals|soccer_exact_score|soccer_extra_time|soccer_first_corner|soccer_first_half_team_totals|soccer_first_half_total_corners|soccer_first_to_score|soccer_game_corners_odd_even|soccer_halftime_result|soccer_penalty_shootout|soccer_player_assists|soccer_player_goalkeeper_saves|soccer_player_goals|soccer_player_goals_plus_assists|soccer_player_shots|soccer_player_shots_on_target|soccer_second_half_result|soccer_second_half_team_totals|soccer_second_half_total_corners|soccer_team_to_advance|soccer_team_total_corners|soccer_team_totals|spreads|total_corners|totals
2026-07-06T19:00:00Z,Round of 16,fifwc-prt-esp-2026-07-06,Portugal,Spain,0-1,exact_score,Spain,Spain,false,false,364,7,both_teams_to_score|both_teams_to_score_first_half|both_teams_to_score_second_half|first_half_totals|moneyline|second_half_totals|soccer_exact_score|soccer_extra_time|soccer_first_corner|soccer_first_half_team_totals|soccer_first_half_total_corners|soccer_first_to_score|soccer_game_corners_odd_even|soccer_halftime_result|soccer_penalty_shootout|soccer_player_assists|soccer_player_goalkeeper_saves|soccer_player_goals|soccer_player_goals_plus_assists|soccer_player_shots|soccer_player_shots_on_target|soccer_second_half_result|soccer_second_half_team_totals|soccer_second_half_total_corners|soccer_team_to_advance|soccer_team_total_corners|soccer_team_totals|spreads|total_corners|totals
2026-07-07T00:00:00Z,Round of 16,fifwc-usa-bel-2026-07-06,United States,Belgium,1-4,totals_ladder,Belgium,Belgium,false,false,390,7,both_teams_to_score|both_teams_to_score_first_half|both_teams_to_score_second_half|first_half_totals|moneyline|second_half_totals|soccer_exact_score|soccer_extra_time|soccer_first_corner|soccer_first_half_team_totals|soccer_first_half_total_corners|soccer_first_to_score|soccer_game_corners_odd_even|soccer_halftime_result|soccer_penalty_shootout|soccer_player_assists|soccer_player_goalkeeper_saves|soccer_player_goals|soccer_player_goals_plus_assists|soccer_player_shots|soccer_player_shots_on_target|soccer_second_half_result|soccer_second_half_team_totals|soccer_second_half_total_corners|soccer_team_to_advance|soccer_team_total_corners|soccer_team_totals|spreads|total_corners|totals
2026-07-07T16:00:00Z,Round of 16,fifwc-arg-egy-2026-07-07,Argentina,Egypt,3-2,exact_score,Argentina,Argentina,false,false,337,7,both_teams_to_score|both_teams_to_score_first_half|both_teams_to_score_second_half|first_half_totals|moneyline|second_half_totals|soccer_exact_score|soccer_extra_time|soccer_first_corner|soccer_first_half_team_totals|soccer_first_half_total_corners|soccer_first_to_score|soccer_game_corners_odd_even|soccer_halftime_result|soccer_penalty_shootout|soccer_player_assists|soccer_player_goalkeeper_saves|soccer_player_goals|soccer_player_goals_plus_assists|soccer_player_shots|soccer_player_shots_on_target|soccer_second_half_result|soccer_second_half_team_totals|soccer_second_half_total_corners|soccer_team_to_advance|soccer_team_total_corners|soccer_team_totals|spreads|total_corners|totals
2026-07-07T20:00:00Z,Round of 16,fifwc-che-col-2026-07-07,Switzerland,Colombia,0-0,exact_score,Draw,Switzerland,true,true,367,7,both_teams_to_score|both_teams_to_score_first_half|both_teams_to_score_second_half|first_half_totals|moneyline|second_half_totals|soccer_exact_score|soccer_extra_time|soccer_first_corner|soccer_first_half_team_totals|soccer_first_half_total_corners|soccer_first_to_score|soccer_game_corners_odd_even|soccer_halftime_result|soccer_penalty_shootout|soccer_player_assists|soccer_player_goalkeeper_saves|soccer_player_goals|soccer_player_goals_plus_assists|soccer_player_shots|soccer_player_shots_on_target|soccer_second_half_result|soccer_second_half_team_totals|soccer_second_half_total_corners|soccer_team_to_advance|soccer_team_total_corners|soccer_team_totals|spreads|total_corners|totals
2026-07-09T20:00:00Z,Quarterfinal,fifwc-fra-mar-2026-07-09,France,Morocco,2-0,exact_score,France,France,false,false,361,7,both_teams_to_score|both_teams_to_score_first_half|both_teams_to_score_second_half|first_half_totals|moneyline|second_half_totals|soccer_exact_score|soccer_extra_time|soccer_first_corner|soccer_first_half_team_totals|soccer_first_half_total_corners|soccer_first_to_score|soccer_game_corners_odd_even|soccer_halftime_result|soccer_penalty_shootout|soccer_player_assists|soccer_player_goalkeeper_saves|soccer_player_goals|soccer_player_goals_plus_assists|soccer_player_shots|soccer_player_shots_on_target|soccer_second_half_result|soccer_second_half_team_totals|soccer_second_half_total_corners|soccer_team_to_advance|soccer_team_total_corners|soccer_team_totals|spreads|total_corners|totals
2026-07-10T19:00:00Z,Quarterfinal,fifwc-esp-bel-2026-07-10,Spain,Belgium,2-1,exact_score,Spain,Spain,false,false,377,7,both_teams_to_score|both_teams_to_score_first_half|both_teams_to_score_second_half|first_half_totals|moneyline|second_half_totals|soccer_exact_score|soccer_extra_time|soccer_first_corner|soccer_first_half_team_totals|soccer_first_half_total_corners|soccer_first_to_score|soccer_game_corners_odd_even|soccer_halftime_result|soccer_penalty_shootout|soccer_player_assists|soccer_player_goalkeeper_saves|soccer_player_goals|soccer_player_goals_plus_assists|soccer_player_shots|soccer_player_shots_on_target|soccer_second_half_result|soccer_second_half_team_totals|soccer_second_half_total_corners|soccer_team_to_advance|soccer_team_total_corners|soccer_team_totals|spreads|total_corners|totals
2026-07-11T21:00:00Z,Quarterfinal,fifwc-nor-eng-2026-07-11,Norway,England,1-1,exact_score,Draw,England,true,false,355,7,both_teams_to_score|both_teams_to_score_first_half|both_teams_to_score_second_half|first_half_totals|moneyline|second_half_totals|soccer_exact_score|soccer_extra_time|soccer_first_corner|soccer_first_half_team_totals|soccer_first_half_total_corners|soccer_first_to_score|soccer_game_corners_odd_even|soccer_halftime_result|soccer_penalty_shootout|soccer_player_assists|soccer_player_goalkeeper_saves|soccer_player_goals|soccer_player_goals_plus_assists|soccer_player_shots|soccer_player_shots_on_target|soccer_second_half_result|soccer_second_half_team_totals|soccer_second_half_total_corners|soccer_team_to_advance|soccer_team_total_corners|soccer_team_totals|spreads|total_corners|totals
2026-07-12T01:00:00Z,Semifinal,fifwc-arg-che-2026-07-11,Argentina,Switzerland,1-1,exact_score,Draw,Argentina,true,false,342,7,both_teams_to_score|both_teams_to_score_first_half|both_teams_to_score_second_half|first_half_totals|moneyline|second_half_totals|soccer_exact_score|soccer_extra_time|soccer_first_corner|soccer_first_half_team_totals|soccer_first_half_total_corners|soccer_first_to_score|soccer_game_corners_odd_even|soccer_halftime_result|soccer_penalty_shootout|soccer_player_assists|soccer_player_goalkeeper_saves|soccer_player_goals|soccer_player_goals_plus_assists|soccer_player_shots|soccer_player_shots_on_target|soccer_second_half_result|soccer_second_half_team_totals|soccer_second_half_total_corners|soccer_team_to_advance|soccer_team_total_corners|soccer_team_totals|spreads|total_corners|totals
2026-07-14T19:00:00Z,Semifinal,fifwc-fra-esp-2026-07-14,France,Spain,0-2,exact_score,Spain,Spain,false,false,360,7,both_teams_to_score|both_teams_to_score_first_half|both_teams_to_score_second_half|first_half_totals|moneyline|second_half_totals|soccer_exact_score|soccer_extra_time|soccer_first_corner|soccer_first_half_team_totals|soccer_first_half_total_corners|soccer_first_to_score|soccer_game_corners_odd_even|soccer_halftime_result|soccer_penalty_shootout|soccer_player_assists|soccer_player_goalkeeper_saves|soccer_player_goals|soccer_player_goals_plus_assists|soccer_player_shots|soccer_player_shots_on_target|soccer_second_half_result|soccer_second_half_team_totals|soccer_second_half_total_corners|soccer_team_to_advance|soccer_team_total_corners|soccer_team_totals|spreads|total_corners|totals
2026-07-15T19:00:00Z,Semifinal,fifwc-eng-arg-2026-07-15,England,Argentina,1-2,exact_score,Argentina,Argentina,false,false,386,7,both_teams_to_score|both_teams_to_score_first_half|both_teams_to_score_second_half|first_half_totals|moneyline|second_half_totals|soccer_exact_score|soccer_extra_time|soccer_first_corner|soccer_first_half_team_totals|soccer_first_half_total_corners|soccer_first_to_score|soccer_game_corners_odd_even|soccer_halftime_result|soccer_penalty_shootout|soccer_player_assists|soccer_player_goalkeeper_saves|soccer_player_goals|soccer_player_goals_plus_assists|soccer_player_shots|soccer_player_shots_on_target|soccer_second_half_result|soccer_second_half_team_totals|soccer_second_half_total_corners|soccer_team_to_advance|soccer_team_total_corners|soccer_team_totals|spreads|total_corners|totals
2026-07-18T21:00:00Z,Third place,fifwc-fra-eng-2026-07-18,France,England,,,England,England,false,false,398,7,both_teams_to_score|both_teams_to_score_first_half|both_teams_to_score_second_half|first_half_totals|moneyline|second_half_totals|soccer_exact_score|soccer_extra_time|soccer_first_corner|soccer_first_half_team_totals|soccer_first_half_total_corners|soccer_first_to_score|soccer_game_corners_odd_even|soccer_halftime_result|soccer_penalty_shootout|soccer_player_assists|soccer_player_goalkeeper_saves|soccer_player_goals|soccer_player_goals_plus_assists|soccer_player_shots|soccer_player_shots_on_target|soccer_second_half_result|soccer_second_half_team_totals|soccer_second_half_total_corners|soccer_team_to_advance|soccer_team_total_corners|soccer_team_totals|spreads|total_corners|totals
2026-07-19T19:00:00Z,Final,fifwc-esp-arg-2026-07-19,Spain,Argentina,0-0,exact_score,Draw,Spain,true,false,356,7,both_teams_to_score|both_teams_to_score_first_half|both_teams_to_score_second_half|first_half_totals|moneyline|second_half_totals|soccer_exact_score|soccer_extra_time|soccer_first_corner|soccer_first_half_team_totals|soccer_first_half_total_corners|soccer_first_to_score|soccer_game_corners_odd_even|soccer_halftime_result|soccer_penalty_shootout|soccer_player_assists|soccer_player_goalkeeper_saves|soccer_player_goals|soccer_player_goals_plus_assists|soccer_player_shots|soccer_player_shots_on_target|soccer_second_half_result|soccer_second_half_team_totals|soccer_second_half_total_corners|soccer_team_to_advance|soccer_team_total_corners|soccer_team_totals|spreads|total_corners|totals